<?xml version="1.0" encoding="UTF-8"?>
<project-private xmlns="http://www.netbeans.org/ns/project-private/1">
    <editor-bookmarks xmlns="http://www.netbeans.org/ns/editor-bookmarks/2" lastBookmarkId="0"/>
    <open-files xmlns="http://www.netbeans.org/ns/projectui-open-files/2">
        <group>
            <file>file:/C:/Users/nxulu/Documents/NetBeansProjects/Chess/src/client/view/GamePanel.java</file>
            <file>file:/C:/Users/nxulu/Documents/NetBeansProjects/Chess/src/client/view/Menu.java</file>
            <file>file:/C:/Users/nxulu/Documents/NetBeansProjects/Chess/src/client/clientModel/pieces/Queen.java</file>
            <file>file:/C:/Users/nxulu/Documents/NetBeansProjects/Chess/src/client/clientModel/pieces/Rook.java</file>
            <file>file:/C:/Users/nxulu/Documents/NetBeansProjects/Chess/src/server/main.java</file>
            <file>file:/C:/Users/nxulu/Documents/NetBeansProjects/Chess/src/model/History.java</file>
            <file>file:/C:/Users/nxulu/Documents/NetBeansProjects/Chess/src/client/test/test.java</file>
            <file>file:/C:/Users/nxulu/Documents/NetBeansProjects/Chess/src/client/controller/GameController.java</file>
            <file>file:/C:/Users/nxulu/Documents/NetBeansProjects/Chess/src/client/controller/ClientController.java</file>
            <file>file:/C:/Users/nxulu/Documents/NetBeansProjects/Chess/src/client/view/GameClient.java</file>
            <file>file:/C:/Users/nxulu/Documents/NetBeansProjects/Chess/src/client/view/GameFrame.java</file>
            <file>file:/C:/Users/nxulu/Documents/NetBeansProjects/Chess/src/client/clientModel/board/Move.java</file>
            <file>file:/C:/Users/nxulu/Documents/NetBeansProjects/Chess/src/client/clientModel/board/Board.java</file>
            <file>file:/C:/Users/nxulu/Documents/NetBeansProjects/Chess/src/client/clientModel/pieces/Pawn.java</file>
            <file>file:/C:/Users/nxulu/Documents/NetBeansProjects/Chess/src/server/controller/ServerCtr.java</file>
            <file>file:/C:/Users/nxulu/Documents/NetBeansProjects/Chess/src/server/controller/ClientListener.java</file>
            <file>file:/C:/Users/nxulu/Documents/NetBeansProjects/Chess/src/model/Client.java</file>
            <file>file:/C:/Users/nxulu/Documents/NetBeansProjects/Chess/src/client/clientModel/pieces/Knight.java</file>
            <file>file:/C:/Users/nxulu/Documents/NetBeansProjects/Chess/src/client/clientModel/pieces/King.java</file>
            <file>file:/C:/Users/nxulu/Documents/NetBeansProjects/Chess/src/model/Message.java</file>
            <file>file:/C:/Users/nxulu/Documents/NetBeansProjects/Chess/src/client/view/LoginJLog.java</file>
            <file>file:/C:/Users/nxulu/Documents/NetBeansProjects/Chess/src/server/logicApplication/DAO.java</file>
            <file>file:/C:/Users/nxulu/Documents/NetBeansProjects/Chess/src/server/controller/NewClientListener.java</file>
            <file>file:/C:/Users/nxulu/Documents/NetBeansProjects/Chess/src/client/view/GetNameJLog.java</file>
            <file>file:/C:/Users/nxulu/Documents/NetBeansProjects/Chess/src/client/clientModel/pieces/Bishop.java</file>
            <file>file:/C:/Users/nxulu/Documents/NetBeansProjects/Chess/src/client/test/testClientController.java</file>
            <file>file:/C:/Users/nxulu/Documents/NetBeansProjects/Chess/src/client/controller/ServerListener.java</file>
            <file>file:/C:/Users/nxulu/Documents/NetBeansProjects/Chess/src/model/User.java</file>
            <file>file:/C:/Users/nxulu/Documents/NetBeansProjects/Chess/src/client/clientModel/pieces/PieceImages.java</file>
        </group>
    </open-files>
</project-private>
